{
  "name": "root",
  "total": 1291.8265271999999,
  "count": 1,
  "self": 23.486079300021856,
  "children": [
    {
      "name": "TrainerController.advance",
      "total": 1268.340447899978,
      "count": 50000,
      "self": 181.7228339999774,
      "children": [
        {
          "name": "env_step",
          "total": 606.4000638999987,
          "count": 50000,
          "self": 404.6507873000215,
          "children": [
            {
              "name": "SubprocessEnvManager._take_step",
              "total": 201.04228440000264,
              "count": 50000,
              "self": 4.34473710001771,
              "children": [
                {
                  "name": "PPOPolicy.evaluate",
                  "total": 196.69754729998493,
                  "count": 50000,
                  "self": 196.69754729998493
                }
              ]
            },
            {
              "name": "workers",
              "total": 0.7069921999746036,
              "count": 50000,
              "self": 0.0,
              "children": [
                {
                  "name": "worker_root",
                  "total": 1281.4988372000075,
                  "count": 50000,
                  "is_parallel": true,
                  "self": 922.5138491000025,
                  "children": [
                    {
                      "name": "UnityEnvironment.step",
                      "total": 358.984988100005,
                      "count": 49967,
                      "is_parallel": true,
                      "self": 83.23952409997605,
                      "children": [
                        {
                          "name": "UnityEnvironment._generate_step_input",
                          "total": 14.070965999999771,
                          "count": 49967,
                          "is_parallel": true,
                          "self": 14.070965999999771
                        },
                        {
                          "name": "communicator.exchange",
                          "total": 261.6744980000292,
                          "count": 49967,
                          "is_parallel": true,
                          "self": 261.6744980000292
                        }
                      ]
                    }
                  ]
                }
              ]
            }
          ]
        },
        {
          "name": "update_policy",
          "total": 480.21755000000195,
          "count": 598,
          "self": 247.94109350000505,
          "children": [
            {
              "name": "PPOPolicy.update",
              "total": 232.2764564999969,
              "count": 19308,
              "self": 232.2764564999969
            }
          ]
        }
      ]
    }
  ]
}