{
  "name": "root",
  "total": 3188.9295829000002,
  "count": 1,
  "self": 32.48621159999857,
  "children": [
    {
      "name": "TrainerController.advance",
      "total": 3156.4433713000017,
      "count": 100000,
      "self": 448.89173130007384,
      "children": [
        {
          "name": "env_step",
          "total": 1538.2716342999365,
          "count": 100000,
          "self": 1046.5698841999458,
          "children": [
            {
              "name": "SubprocessEnvManager._take_step",
              "total": 490.00564199997905,
              "count": 100000,
              "self": 11.953737999969974,
              "children": [
                {
                  "name": "PPOPolicy.evaluate",
                  "total": 478.0519040000091,
                  "count": 100000,
                  "self": 478.0519040000091
                }
              ]
            },
            {
              "name": "workers",
              "total": 1.696108100011621,
              "count": 100000,
              "self": 0.0,
              "children": [
                {
                  "name": "worker_root",
                  "total": 3172.296301299986,
                  "count": 100000,
                  "is_parallel": true,
                  "self": 2241.2420257000213,
                  "children": [
                    {
                      "name": "UnityEnvironment.step",
                      "total": 931.0542755999647,
                      "count": 99934,
                      "is_parallel": true,
                      "self": 204.84910069997613,
                      "children": [
                        {
                          "name": "UnityEnvironment._generate_step_input",
                          "total": 33.415167000011536,
                          "count": 99934,
                          "is_parallel": true,
                          "self": 33.415167000011536
                        },
                        {
                          "name": "communicator.exchange",
                          "total": 692.7900078999771,
                          "count": 99934,
                          "is_parallel": true,
                          "self": 692.7900078999771
                        }
                      ]
                    }
                  ]
                }
              ]
            }
          ]
        },
        {
          "name": "update_policy",
          "total": 1169.2800056999913,
          "count": 1137,
          "self": 610.3017254999685,
          "children": [
            {
              "name": "PPOPolicy.update",
              "total": 558.9782802000228,
              "count": 38700,
              "self": 558.9782802000228
            }
          ]
        }
      ]
    }
  ]
}