{
  "name": "root",
  "total": 333.7826998068443,
  "count": 1,
  "self": 52.45151773468342,
  "children": [
    {
      "name": "TrainerController.advance",
      "total": 281.33118207216086,
      "count": 50001,
      "self": 32.59803119825091,
      "children": [
        {
          "name": "env_step",
          "total": 245.63505078670985,
          "count": 50001,
          "self": 129.7399028799147,
          "children": [
            {
              "name": "SubprocessEnvManager._take_step",
              "total": 115.32441717725943,
              "count": 50001,
              "self": 4.067100948537515,
              "children": [
                {
                  "name": "PPOPolicy.evaluate",
                  "total": 111.25731622872192,
                  "count": 50001,
                  "self": 111.25731622872192
                }
              ]
            },
            {
              "name": "workers",
              "total": 0.5707307295357325,
              "count": 50001,
              "self": 0.0,
              "children": [
                {
                  "name": "worker_root",
                  "total": 303.7013384011861,
                  "count": 50001,
                  "is_parallel": true,
                  "self": 208.53614847657082,
                  "children": [
                    {
                      "name": "UnityEnvironment.step",
                      "total": 95.16518992461526,
                      "count": 50001,
                      "is_parallel": true,
                      "self": 12.125208111296246,
                      "children": [
                        {
                          "name": "UnityEnvironment._generate_step_input",
                          "total": 3.1948908399038523,
                          "count": 50001,
                          "is_parallel": true,
                          "self": 3.1948908399038523
                        },
                        {
                          "name": "communicator.exchange",
                          "total": 79.84509097341517,
                          "count": 50001,
                          "is_parallel": true,
                          "self": 79.84509097341517
                        }
                      ]
                    }
                  ]
                }
              ]
            }
          ]
        },
        {
          "name": "update_policy",
          "total": 3.098100087200109,
          "count": 4,
          "self": 1.9826977623980468,
          "children": [
            {
              "name": "PPOPolicy.update",
              "total": 1.1154023248020621,
              "count": 120,
              "self": 1.1154023248020621
            }
          ]
        }
      ]
    }
  ]
}