{
  "name": "root",
  "total": 398.07008539563145,
  "count": 1,
  "self": 18.17706015739418,
  "children": [
    {
      "name": "TrainerController.advance",
      "total": 379.89302523823727,
      "count": 50001,
      "self": 73.75355711426954,
      "children": [
        {
          "name": "env_step",
          "total": 250.1348632309856,
          "count": 50001,
          "self": 155.8064349390476,
          "children": [
            {
              "name": "SubprocessEnvManager._take_step",
              "total": 93.87366699882031,
              "count": 50001,
              "self": 2.86036120921473,
              "children": [
                {
                  "name": "PPOPolicy.evaluate",
                  "total": 91.01330578960558,
                  "count": 50001,
                  "self": 91.01330578960558
                }
              ]
            },
            {
              "name": "workers",
              "total": 0.4547612931176772,
              "count": 50001,
              "self": 0.0,
              "children": [
                {
                  "name": "worker_root",
                  "total": 392.72106997428034,
                  "count": 50001,
                  "is_parallel": true,
                  "self": 268.6498707998822,
                  "children": [
                    {
                      "name": "UnityEnvironment.step",
                      "total": 124.07119917439815,
                      "count": 50001,
                      "is_parallel": true,
                      "self": 31.740710436184784,
                      "children": [
                        {
                          "name": "UnityEnvironment._generate_step_input",
                          "total": 7.826250067776173,
                          "count": 50001,
                          "is_parallel": true,
                          "self": 7.826250067776173
                        },
                        {
                          "name": "communicator.exchange",
                          "total": 84.50423867043719,
                          "count": 50001,
                          "is_parallel": true,
                          "self": 84.50423867043719
                        }
                      ]
                    }
                  ]
                }
              ]
            }
          ]
        },
        {
          "name": "update_policy",
          "total": 56.00460489298212,
          "count": 96,
          "self": 39.264474012867076,
          "children": [
            {
              "name": "PPOPolicy.update",
              "total": 16.740130880115046,
              "count": 2880,
              "self": 16.740130880115046
            }
          ]
        }
      ]
    }
  ]
}