{
  "name": "root",
  "total": 1574.4999500000222,
  "count": 1,
  "self": 349.99669422367515,
  "children": [
    {
      "name": "TrainerController.advance",
      "total": 1224.503255776347,
      "count": 100001,
      "self": 267.3490380671283,
      "children": [
        {
          "name": "env_step",
          "total": 638.9532089096667,
          "count": 100001,
          "self": 399.6119766168765,
          "children": [
            {
              "name": "SubprocessEnvManager._take_step",
              "total": 238.32868874279,
              "count": 100001,
              "self": 6.54125753719012,
              "children": [
                {
                  "name": "PPOPolicy.evaluate",
                  "total": 231.7874312055999,
                  "count": 100001,
                  "self": 231.7874312055999
                }
              ]
            },
            {
              "name": "workers",
              "total": 1.0125435500002151,
              "count": 100001,
              "self": 0.0,
              "children": [
                {
                  "name": "worker_root",
                  "total": 1565.647799267669,
                  "count": 100001,
                  "is_parallel": true,
                  "self": 1237.41724070345,
                  "children": [
                    {
                      "name": "UnityEnvironment.step",
                      "total": 328.23055856421894,
                      "count": 99968,
                      "is_parallel": true,
                      "self": 75.62905483157536,
                      "children": [
                        {
                          "name": "UnityEnvironment._generate_step_input",
                          "total": 19.155907486257867,
                          "count": 99968,
                          "is_parallel": true,
                          "self": 19.155907486257867
                        },
                        {
                          "name": "communicator.exchange",
                          "total": 233.44559624638572,
                          "count": 99968,
                          "is_parallel": true,
                          "self": 233.44559624638572
                        }
                      ]
                    }
                  ]
                }
              ]
            }
          ]
        },
        {
          "name": "update_policy",
          "total": 318.20100879955197,
          "count": 191,
          "self": 239.06153108376472,
          "children": [
            {
              "name": "PPOPolicy.update",
              "total": 79.13947771578725,
              "count": 5739,
              "self": 79.13947771578725
            }
          ]
        }
      ]
    }
  ]
}