{
  "name": "root",
  "total": 665.455424686478,
  "count": 1,
  "self": 29.947971578690385,
  "children": [
    {
      "name": "TrainerController.advance",
      "total": 635.5074531077876,
      "count": 50001,
      "self": 117.19067413747405,
      "children": [
        {
          "name": "env_step",
          "total": 433.7964414237971,
          "count": 50001,
          "self": 278.86760094772006,
          "children": [
            {
              "name": "SubprocessEnvManager._take_step",
              "total": 154.2045723535278,
              "count": 50001,
              "self": 4.867016059109972,
              "children": [
                {
                  "name": "PPOPolicy.evaluate",
                  "total": 149.33755629441782,
                  "count": 50001,
                  "self": 149.33755629441782
                }
              ]
            },
            {
              "name": "workers",
              "total": 0.724268122549244,
              "count": 50001,
              "self": 0.0,
              "children": [
                {
                  "name": "worker_root",
                  "total": 657.1467434903346,
                  "count": 50001,
                  "is_parallel": true,
                  "self": 428.5094557735754,
                  "children": [
                    {
                      "name": "UnityEnvironment.step",
                      "total": 228.63728771675926,
                      "count": 50001,
                      "is_parallel": true,
                      "self": 57.72485301117226,
                      "children": [
                        {
                          "name": "UnityEnvironment._generate_step_input",
                          "total": 14.110413728705582,
                          "count": 50001,
                          "is_parallel": true,
                          "self": 14.110413728705582
                        },
                        {
                          "name": "communicator.exchange",
                          "total": 156.8020209768814,
                          "count": 50001,
                          "is_parallel": true,
                          "self": 156.8020209768814
                        }
                      ]
                    }
                  ]
                }
              ]
            }
          ]
        },
        {
          "name": "update_policy",
          "total": 84.52033754651639,
          "count": 96,
          "self": 61.47425001144589,
          "children": [
            {
              "name": "PPOPolicy.update",
              "total": 23.0460875350705,
              "count": 2880,
              "self": 23.0460875350705
            }
          ]
        }
      ]
    }
  ]
}