{
  "name": "root",
  "total": 503.67843569847304,
  "count": 1,
  "self": 25.3435456250877,
  "children": [
    {
      "name": "TrainerController.advance",
      "total": 478.33489007338534,
      "count": 50001,
      "self": 74.84076673743942,
      "children": [
        {
          "name": "env_step",
          "total": 363.01174310589266,
          "count": 50001,
          "self": 212.89010493773182,
          "children": [
            {
              "name": "SubprocessEnvManager._take_step",
              "total": 149.42290470092962,
              "count": 50001,
              "self": 4.872125390165763,
              "children": [
                {
                  "name": "PPOPolicy.evaluate",
                  "total": 144.55077931076386,
                  "count": 50001,
                  "self": 144.55077931076386
                }
              ]
            },
            {
              "name": "workers",
              "total": 0.6987334672312251,
              "count": 50001,
              "self": 0.0,
              "children": [
                {
                  "name": "worker_root",
                  "total": 495.6050752866418,
                  "count": 50001,
                  "is_parallel": true,
                  "self": 329.5990717337621,
                  "children": [
                    {
                      "name": "UnityEnvironment.step",
                      "total": 166.00600355287972,
                      "count": 50001,
                      "is_parallel": true,
                      "self": 35.492788669862165,
                      "children": [
                        {
                          "name": "UnityEnvironment._generate_step_input",
                          "total": 8.92120314613739,
                          "count": 50001,
                          "is_parallel": true,
                          "self": 8.92120314613739
                        },
                        {
                          "name": "communicator.exchange",
                          "total": 121.59201173688015,
                          "count": 50001,
                          "is_parallel": true,
                          "self": 121.59201173688015
                        }
                      ]
                    }
                  ]
                }
              ]
            }
          ]
        },
        {
          "name": "update_policy",
          "total": 40.482380230053266,
          "count": 48,
          "self": 28.954797353423533,
          "children": [
            {
              "name": "PPOPolicy.update",
              "total": 11.527582876629733,
              "count": 1440,
              "self": 11.527582876629733
            }
          ]
        }
      ]
    }
  ]
}