{
  "name": "root",
  "total": 1808.3789184982586,
  "count": 1,
  "self": 71.8953102687567,
  "children": [
    {
      "name": "TrainerController.advance",
      "total": 1736.483608229502,
      "count": 100001,
      "self": 379.6885339161918,
      "children": [
        {
          "name": "env_step",
          "total": 922.842944069813,
          "count": 100001,
          "self": 552.1685968139494,
          "children": [
            {
              "name": "SubprocessEnvManager._take_step",
              "total": 369.22863723176727,
              "count": 100001,
              "self": 10.05214753243456,
              "children": [
                {
                  "name": "PPOPolicy.evaluate",
                  "total": 359.1764896993327,
                  "count": 100001,
                  "self": 359.1764896993327
                }
              ]
            },
            {
              "name": "workers",
              "total": 1.445710024096357,
              "count": 100001,
              "self": 0.0,
              "children": [
                {
                  "name": "worker_root",
                  "total": 1774.6911694706173,
                  "count": 100001,
                  "is_parallel": true,
                  "self": 1323.5051708866324,
                  "children": [
                    {
                      "name": "UnityEnvironment.step",
                      "total": 451.1859985839848,
                      "count": 99968,
                      "is_parallel": true,
                      "self": 108.96590445958685,
                      "children": [
                        {
                          "name": "UnityEnvironment._generate_step_input",
                          "total": 28.594358846936913,
                          "count": 99968,
                          "is_parallel": true,
                          "self": 28.594358846936913
                        },
                        {
                          "name": "communicator.exchange",
                          "total": 313.62573527746105,
                          "count": 99968,
                          "is_parallel": true,
                          "self": 313.62573527746105
                        }
                      ]
                    }
                  ]
                }
              ]
            }
          ]
        },
        {
          "name": "update_policy",
          "total": 433.9521302434971,
          "count": 191,
          "self": 334.51965621348927,
          "children": [
            {
              "name": "PPOPolicy.update",
              "total": 99.43247403000785,
              "count": 5739,
              "self": 99.43247403000785
            }
          ]
        }
      ]
    }
  ]
}