{
  "name": "root",
  "total": 1159.0547795312093,
  "count": 1,
  "self": 63.61728283679395,
  "children": [
    {
      "name": "TrainerController.advance",
      "total": 1095.4374966944154,
      "count": 100000,
      "self": 241.14038304868177,
      "children": [
        {
          "name": "env_step",
          "total": 572.6702943687637,
          "count": 100000,
          "self": 362.87166627928474,
          "children": [
            {
              "name": "SubprocessEnvManager._take_step",
              "total": 208.89875515608426,
              "count": 100000,
              "self": 5.95017868877099,
              "children": [
                {
                  "name": "PPOPolicy.evaluate",
                  "total": 202.94857646731327,
                  "count": 100000,
                  "self": 202.94857646731327
                }
              ]
            },
            {
              "name": "workers",
              "total": 0.8998729333947253,
              "count": 100000,
              "self": 0.0,
              "children": [
                {
                  "name": "worker_root",
                  "total": 1125.6621325945855,
                  "count": 100000,
                  "is_parallel": true,
                  "self": 827.7654009931216,
                  "children": [
                    {
                      "name": "UnityEnvironment.step",
                      "total": 297.8967316014639,
                      "count": 99967,
                      "is_parallel": true,
                      "self": 69.08717551680775,
                      "children": [
                        {
                          "name": "UnityEnvironment._generate_step_input",
                          "total": 17.041832870295945,
                          "count": 99967,
                          "is_parallel": true,
                          "self": 17.041832870295945
                        },
                        {
                          "name": "communicator.exchange",
                          "total": 211.76772321436022,
                          "count": 99967,
                          "is_parallel": true,
                          "self": 211.76772321436022
                        }
                      ]
                    }
                  ]
                }
              ]
            }
          ]
        },
        {
          "name": "update_policy",
          "total": 281.62681927696985,
          "count": 191,
          "self": 221.96190046138003,
          "children": [
            {
              "name": "PPOPolicy.update",
              "total": 59.66491881558983,
              "count": 5733,
              "self": 59.66491881558983
            }
          ]
        }
      ]
    }
  ]
}