{
  "name": "root",
  "total": 1938.3473230738052,
  "count": 1,
  "self": 35.80407563358085,
  "children": [
    {
      "name": "TrainerController.advance",
      "total": 1902.5432474402244,
      "count": 100001,
      "self": 230.49409512686202,
      "children": [
        {
          "name": "env_step",
          "total": 680.1279001033686,
          "count": 100001,
          "self": 326.69466170307226,
          "children": [
            {
              "name": "SubprocessEnvManager._take_step",
              "total": 352.4691276379088,
              "count": 100001,
              "self": 7.15549025206775,
              "children": [
                {
                  "name": "PPOPolicy.evaluate",
                  "total": 345.31363738584105,
                  "count": 100001,
                  "self": 345.31363738584105
                }
              ]
            },
            {
              "name": "workers",
              "total": 0.9641107623875147,
              "count": 100001,
              "self": 0.0,
              "children": [
                {
                  "name": "worker_root",
                  "total": 1930.3589821538576,
                  "count": 100001,
                  "is_parallel": true,
                  "self": 1670.5234501597529,
                  "children": [
                    {
                      "name": "UnityEnvironment.step",
                      "total": 259.83553199410477,
                      "count": 100001,
                      "is_parallel": true,
                      "self": 56.33736043368609,
                      "children": [
                        {
                          "name": "UnityEnvironment._generate_step_input",
                          "total": 15.11775879706203,
                          "count": 100001,
                          "is_parallel": true,
                          "self": 15.11775879706203
                        },
                        {
                          "name": "communicator.exchange",
                          "total": 188.38041276335665,
                          "count": 100001,
                          "is_parallel": true,
                          "self": 188.38041276335665
                        }
                      ]
                    }
                  ]
                }
              ]
            }
          ]
        },
        {
          "name": "update_policy",
          "total": 991.9212522099939,
          "count": 606,
          "self": 391.11531613693785,
          "children": [
            {
              "name": "PPOPolicy.update",
              "total": 600.805936073056,
              "count": 62090,
              "self": 600.805936073056
            }
          ]
        }
      ]
    }
  ]
}