{
  "name": "root",
  "total": 303.61132728385456,
  "count": 1,
  "self": 21.800253866559217,
  "children": [
    {
      "name": "TrainerController.advance",
      "total": 281.81107341729535,
      "count": 50001,
      "self": 37.75114588837238,
      "children": [
        {
          "name": "env_step",
          "total": 230.03644887269135,
          "count": 50001,
          "self": 129.64968504458963,
          "children": [
            {
              "name": "SubprocessEnvManager._take_step",
              "total": 99.92334314517915,
              "count": 50001,
              "self": 2.983843562734563,
              "children": [
                {
                  "name": "PPOPolicy.evaluate",
                  "total": 96.93949958244458,
                  "count": 50001,
                  "self": 96.93949958244458
                }
              ]
            },
            {
              "name": "workers",
              "total": 0.46342068292258176,
              "count": 50001,
              "self": 0.0,
              "children": [
                {
                  "name": "worker_root",
                  "total": 294.5860575173082,
                  "count": 50001,
                  "is_parallel": true,
                  "self": 195.42717758791895,
                  "children": [
                    {
                      "name": "UnityEnvironment.step",
                      "total": 99.15887992938923,
                      "count": 50001,
                      "is_parallel": true,
                      "self": 15.514313993643526,
                      "children": [
                        {
                          "name": "UnityEnvironment._generate_step_input",
                          "total": 4.072938634244946,
                          "count": 50001,
                          "is_parallel": true,
                          "self": 4.072938634244946
                        },
                        {
                          "name": "communicator.exchange",
                          "total": 79.57162730150075,
                          "count": 50001,
                          "is_parallel": true,
                          "self": 79.57162730150075
                        }
                      ]
                    }
                  ]
                }
              ]
            }
          ]
        },
        {
          "name": "update_policy",
          "total": 14.023478656231603,
          "count": 24,
          "self": 9.952609354396245,
          "children": [
            {
              "name": "PPOPolicy.update",
              "total": 4.0708693018353586,
              "count": 720,
              "self": 4.0708693018353586
            }
          ]
        }
      ]
    }
  ]
}