{
  "name": "root",
  "total": 139.74385166939925,
  "count": 1,
  "self": 11.00207822130045,
  "children": [
    {
      "name": "TrainerController.advance",
      "total": 128.7417734480988,
      "count": 10001,
      "self": 26.11699372577891,
      "children": [
        {
          "name": "env_step",
          "total": 74.45741090781713,
          "count": 10001,
          "self": 50.5485499784226,
          "children": [
            {
              "name": "SubprocessEnvManager._take_step",
              "total": 23.80598319734043,
              "count": 10001,
              "self": 0.6585663739703413,
              "children": [
                {
                  "name": "PPOPolicy.evaluate",
                  "total": 23.14741682337009,
                  "count": 10001,
                  "self": 23.14741682337009
                }
              ]
            },
            {
              "name": "workers",
              "total": 0.10287773205410389,
              "count": 10001,
              "self": 0.0,
              "children": [
                {
                  "name": "worker_root",
                  "total": 134.92563114416376,
                  "count": 10001,
                  "is_parallel": true,
                  "self": 91.55646953045655,
                  "children": [
                    {
                      "name": "UnityEnvironment.step",
                      "total": 43.369161613707206,
                      "count": 9992,
                      "is_parallel": true,
                      "self": 7.387777160989678,
                      "children": [
                        {
                          "name": "UnityEnvironment._generate_step_input",
                          "total": 1.8578062854198176,
                          "count": 9992,
                          "is_parallel": true,
                          "self": 1.8578062854198176
                        },
                        {
                          "name": "communicator.exchange",
                          "total": 34.12357816729771,
                          "count": 9992,
                          "is_parallel": true,
                          "self": 34.12357816729771
                        }
                      ]
                    }
                  ]
                }
              ]
            }
          ]
        },
        {
          "name": "update_policy",
          "total": 28.167368814502744,
          "count": 17,
          "self": 22.497812223194387,
          "children": [
            {
              "name": "PPOPolicy.update",
              "total": 5.669556591308357,
              "count": 549,
              "self": 5.669556591308357
            }
          ]
        }
      ]
    }
  ]
}