{
  "name": "root",
  "total": 351.5095762179661,
  "count": 1,
  "self": 17.42535003317704,
  "children": [
    {
      "name": "TrainerController.advance",
      "total": 334.0842261847891,
      "count": 50001,
      "self": 51.064350638067026,
      "children": [
        {
          "name": "env_step",
          "total": 252.75087744405454,
          "count": 50001,
          "self": 151.83367874058715,
          "children": [
            {
              "name": "SubprocessEnvManager._take_step",
              "total": 100.4252220332373,
              "count": 50001,
              "self": 3.0640799715205134,
              "children": [
                {
                  "name": "PPOPolicy.evaluate",
                  "total": 97.36114206171679,
                  "count": 50001,
                  "self": 97.36114206171679
                }
              ]
            },
            {
              "name": "workers",
              "total": 0.4919766702300912,
              "count": 50001,
              "self": 0.0,
              "children": [
                {
                  "name": "worker_root",
                  "total": 346.3121971945774,
                  "count": 50001,
                  "is_parallel": true,
                  "self": 226.78881476052243,
                  "children": [
                    {
                      "name": "UnityEnvironment.step",
                      "total": 119.52338243405494,
                      "count": 50001,
                      "is_parallel": true,
                      "self": 22.420518035332876,
                      "children": [
                        {
                          "name": "UnityEnvironment._generate_step_input",
                          "total": 5.837381405609652,
                          "count": 50001,
                          "is_parallel": true,
                          "self": 5.837381405609652
                        },
                        {
                          "name": "communicator.exchange",
                          "total": 91.26548299311241,
                          "count": 50001,
                          "is_parallel": true,
                          "self": 91.26548299311241
                        }
                      ]
                    }
                  ]
                }
              ]
            }
          ]
        },
        {
          "name": "update_policy",
          "total": 30.268998102667513,
          "count": 48,
          "self": 21.342367847837163,
          "children": [
            {
              "name": "PPOPolicy.update",
              "total": 8.92663025483035,
              "count": 1440,
              "self": 8.92663025483035
            }
          ]
        }
      ]
    }
  ]
}