{
  "name": "root",
  "total": 390.8928756031664,
  "count": 1,
  "self": 16.489516671328545,
  "children": [
    {
      "name": "TrainerController.advance",
      "total": 374.40335893183783,
      "count": 50001,
      "self": 54.620654835258335,
      "children": [
        {
          "name": "env_step",
          "total": 290.58459040685227,
          "count": 50001,
          "self": 186.08662485039326,
          "children": [
            {
              "name": "SubprocessEnvManager._take_step",
              "total": 103.97449956688837,
              "count": 50001,
              "self": 3.408745596112766,
              "children": [
                {
                  "name": "PPOPolicy.evaluate",
                  "total": 100.5657539707756,
                  "count": 50001,
                  "self": 100.5657539707756
                }
              ]
            },
            {
              "name": "workers",
              "total": 0.5234659895706457,
              "count": 50001,
              "self": 0.0,
              "children": [
                {
                  "name": "worker_root",
                  "total": 385.76037743982664,
                  "count": 50001,
                  "is_parallel": true,
                  "self": 233.82696807689743,
                  "children": [
                    {
                      "name": "UnityEnvironment.step",
                      "total": 151.9334093629292,
                      "count": 50001,
                      "is_parallel": true,
                      "self": 23.758960996023376,
                      "children": [
                        {
                          "name": "UnityEnvironment._generate_step_input",
                          "total": 6.147194156796135,
                          "count": 50001,
                          "is_parallel": true,
                          "self": 6.147194156796135
                        },
                        {
                          "name": "communicator.exchange",
                          "total": 122.02725421010969,
                          "count": 50001,
                          "is_parallel": true,
                          "self": 122.02725421010969
                        }
                      ]
                    }
                  ]
                }
              ]
            }
          ]
        },
        {
          "name": "update_policy",
          "total": 29.198113689727215,
          "count": 48,
          "self": 20.78026898654742,
          "children": [
            {
              "name": "PPOPolicy.update",
              "total": 8.417844703179796,
              "count": 1440,
              "self": 8.417844703179796
            }
          ]
        }
      ]
    }
  ]
}