{
  "name": "root",
  "total": 5360.9360917,
  "count": 1,
  "self": 55.49173359997167,
  "children": [
    {
      "name": "TrainerController.advance",
      "total": 5305.444358100029,
      "count": 50000,
      "self": 194.55692709998584,
      "children": [
        {
          "name": "env_step",
          "total": 1805.382642100005,
          "count": 50000,
          "self": 1563.7625417999395,
          "children": [
            {
              "name": "SubprocessEnvManager._take_step",
              "total": 240.88956340002989,
              "count": 50000,
              "self": 4.657848300049068,
              "children": [
                {
                  "name": "PPOPolicy.evaluate",
                  "total": 236.23171509998082,
                  "count": 50000,
                  "self": 236.23171509998082
                }
              ]
            },
            {
              "name": "workers",
              "total": 0.7305369000353892,
              "count": 50000,
              "self": 0.0,
              "children": [
                {
                  "name": "worker_root",
                  "total": 5329.0420172999875,
                  "count": 50000,
                  "is_parallel": true,
                  "self": 3816.5948961999884,
                  "children": [
                    {
                      "name": "UnityEnvironment.step",
                      "total": 1512.447121099999,
                      "count": 50000,
                      "is_parallel": true,
                      "self": 204.19442189990832,
                      "children": [
                        {
                          "name": "UnityEnvironment._generate_step_input",
                          "total": 12.62284910010495,
                          "count": 50000,
                          "is_parallel": true,
                          "self": 12.62284910010495
                        },
                        {
                          "name": "communicator.exchange",
                          "total": 1295.6298500999858,
                          "count": 50000,
                          "is_parallel": true,
                          "self": 1295.6298500999858
                        }
                      ]
                    }
                  ]
                }
              ]
            }
          ]
        },
        {
          "name": "update_policy",
          "total": 3305.504788900038,
          "count": 3694,
          "self": 1176.5578024999995,
          "children": [
            {
              "name": "PPOPolicy.update",
              "total": 2128.9469864000384,
              "count": 147165,
              "self": 2128.9469864000384
            }
          ]
        }
      ]
    }
  ]
}